id,artist,title,start_date,end_date,status,label,introduction,img_url,code,ticket_site,ticket_url,venue,created_at,updated_at
39,Konomi Suzuki (코노미 스즈키),Konomi Suzuki Asia Tour [서울],2025.10.25,2025.10.25,UPCOMING,,"일본 애니메이션 팬들이라면 모를 수 없는, 파워풀한 가창력의 소유자 코노미 스즈키입니다! '노 게임 노 라이프'의 'This game', 'Re: 제로부터 시작하는 이세계 생활'의 'Redo', '사쿠라장의 애완 그녀'의 'DAYS of DASH' 등 수많은 인기 애니메이션 주제가를 부르며 독보적인 존재감을 보여주고 있어요. 시원하게 터져 나오는 고음과 뜨거운 라이브 퍼포먼스로 한국 팬들에게도 많은 사랑을 받고 있으며, 과거 여러 차례 내한 공연을 통해 그 인기를 증명했답니다. 그녀의 에너지 넘치는 무대는 언제나 팬들을 열광하게 만들죠.",http://www.kopis.or.kr/upload/pfmPoster/PF_PF270532_250729_104738.jpg,PF270532,예스24,https://ticket.yes24.com/Perf/54628,웨스트브릿지 라이브홀,2025-09-05 19:28:13.497,2025-09-10 16:43:37.375
38,NEMOPHILA (네모필라),"NEMOPHILA Live, MVXS 5 [서울]",2025.10.25,2025.10.25,UPCOMING,15년 만의 재결합 후 첫 내한 콘서트,"NEMOPHILA는 일본의 파워풀한 여성 록 밴드입니다! 보컬 Mayu의 압도적인 가창력과 멤버들의 뛰어난 연주 실력이 돋보이며, 헤비메탈을 기반으로 다양한 장르를 넘나드는 폭넓은 음악 스펙트럼을 자랑합니다. 'OIRAN', 'DISSENSION'과 같은 곡들로 전 세계 록 팬들의 마음을 사로잡았으며, 한국에서도 뜨거운 인기를 얻고 있는 밴드예요. 이들의 라이브 퍼포먼스는 언제나 에너지가 넘치고 강렬한 인상을 남기기로 유명합니다!",http://www.kopis.or.kr/upload/pfmPoster/PF_PF272043_250819_112748.jpg,PF272043,NOL 티켓,https://ticket.yes24.com/Perf/54911,예스24 원더로크홀,2025-09-05 19:28:13.497,2025-09-10 16:43:37.375
40,Travis Scott (트래비스 스캇),트래비스 스캇 첫 단독 내한공연 [고양],2025.10.25,2025.10.25,UPCOMING,,"트래비스 스캇은 강렬한 에너지와 독특한 음악 스타일로 전 세계 힙합 팬들을 사로잡은 아티스트입니다. 'Sicko Mode', 'Antidote', 'Goosebumps' 등 수많은 히트곡을 보유하고 있으며, 라이브 공연에서는 압도적인 퍼포먼스로 관객들을 열광시키는 것으로 유명하죠. 한국에서도 뜨거운 인기를 누리고 있으며, 그의 패션 감각과 문화적 영향력 또한 주목받고 있습니다. 그의 음악은 몽환적인 사운드와 실험적인 비트가 특징이며, 단순한 래퍼를 넘어선 아티스트로 평가받고 있습니다.",http://www.kopis.or.kr/upload/pfmPoster/PF_PF262602_250407_160223.gif,PF262602,NOL 티켓,https://tickets.interpark.com/goods/25004359,고양종합운동장,2025-09-05 19:28:13.497,2025-09-10 16:43:37.375
37,Oasis (오아시스),오아시스 내한공연 [고양],2025.10.21,2025.10.21,UPCOMING,,"전설적인 브릿팝 밴드 오아시스입니다! 'Wonderwall', 'Don't Look Back In Anger', 'Live Forever' 등 수많은 명곡으로 90년대를 풍미하며 전 세계 팬들을 사로잡았죠. 형제인 리암과 노엘 갤러거의 날카로운 가사와 중독성 강한 멜로디, 그리고 특유의 카리스마 넘치는 무대 매너로 한국에서도 '떼창' 문화의 아이콘이 될 만큼 엄청난 인기를 누리는 밴드입니다. ",http://www.kopis.or.kr/upload/pfmPoster/PF_PF254817_241128_113659.gif,PF254817,NOL 티켓,https://tickets.interpark.com/goods/24016943,고양종합운동장,2025-09-05 19:28:13.497,2025-09-10 16:43:37.375
36,TOMIOKA AI (토미오카 아이),TOMIOKA AI ASIA TOUR [서울],2025.10.19,2025.10.19,UPCOMING,,"토미오카 아이는 일본 음악계에서 주목받는 신예 아티스트입니다! 독특한 음색과 깊이 있는 가사로 평단과 팬들의 마음을 사로잡고 있어요. 특히, 감성적인 멜로디와 파워풀한 라이브 퍼포먼스로 아시아 전역에서 팬덤을 넓혀가고 있습니다. 한국 팬들에게도 자신만의 음악 세계를 선보일 날이 기대됩니다!",http://www.kopis.or.kr/upload/pfmPoster/PF_PF270251_250724_130322.jpg,PF270251,예스24,https://ticket.yes24.com/Perf/54629,예스24 원더로크홀,2025-09-05 19:28:13.497,2025-09-10 16:43:37.375
35,SAKIYAMA SOUSHI (사키야마 소우시),"SAKIYAMA SOUSHI 연주이야기 투어, DIARY",2025.10.18,2025.10.18,UPCOMING,,"싱어송라이터 사키야마 소우시(SAKIYAMA SOUSHI)는 독특한 음색과 섬세하면서도 파워풀한 기타 연주로 일본을 넘어 한국 팬들에게도 깊은 인상을 남기고 있는 아티스트입니다. 어릴 적부터 천재성을 인정받아 일본 음악계의 주목을 받아왔고요. 애니메이션 '주술회전 0'의 엔딩곡 '나선(Nara)'을 비롯해 '절대영도(Zettaireido)', '감전(Kanden)' 등 다수의 히트곡으로 사랑받고 있습니다. 그의 음악은 서정적인 멜로디와 강렬한 감정 표현이 어우러져 듣는 이의 마음을 사로잡아요. 2023년에는 첫 단독 내한 콘서트를 성황리에 마치며 한국 팬들과 뜨겁게 소통하기도 했습니다.",http://www.kopis.or.kr/upload/pfmPoster/PF_PF270729_250731_131420.jpg,PF270729,예스24,https://ticket.yes24.com/Perf/54711,웨스트브릿지 라이브홀,2025-09-05 19:28:13.497,2025-09-10 16:43:37.375
33,Novelbright (노벨브라이트),Novelbright LIVE TOUR [서울],2025.10.11,2025.10.11,UPCOMING,첫 단독 내한 콘서트,"일본 록씬을 뜨겁게 달구는 대세 밴드, 노벨브라이트입니다! 보컬 타케시의 시원하면서도 섬세한 고음이 듣는 이의 마음을 사로잡는데요. 'Walking with you'와 'Sunny Drop' 같은 명곡들로 이미 한국 팬들에게도 익숙한 이름입니다. 특히 2023년 첫 단독 내한 콘서트를 성공적으로 개최하며 폭발적인 라이브 실력을 입증했어요. 열정적인 무대로 팬들을 열광시키는 이들의 다음 행보가 더욱 기대됩니다!",http://www.kopis.or.kr/upload/pfmPoster/PF_PF271282_250808_101507.jpg,PF271282,예스24,https://ticket.yes24.com/Perf/50315,잠실학생체육관,2025-09-05 19:28:13.497,2025-09-10 16:43:37.375
32,Ryokuoushoku Shakai (녹황색사회),녹황색사회 아시아 투어,2025.10.11,2025.10.12,UPCOMING,,"일본 4인조 혼성 밴드 녹황색사회는 보컬 나가야 하루코의 청량하고 파워풀한 보컬이 매력적인데요! 'Mela!', 'Sabotage', 'Shiawase', 'Character' 등 수많은 히트곡으로 한국에서도 두터운 팬층을 자랑하고 있습니다. 드라마, 애니메이션 OST에도 자주 참여하며 밝고 희망찬 메시지를 전달하는 것으로도 유명해요. 최근에는 '최애의 아이' OST 'Mephisto'로도 큰 사랑을 받았답니다.",http://www.kopis.or.kr/upload/pfmPoster/PF_PF269391_250714_150135.jpg,PF269391,예스24,https://ticket.yes24.com/Perf/54495,예스24 라이브홀,2025-09-05 19:28:13.497,2025-09-10 16:43:37.375
34,yama (야마),yama Asia Tour: 호시탐탐 [서울],2025.10.11,2025.10.11,UPCOMING,성황리에 매진된 콘서트,"가면 속 신비로운 매력으로 깊은 인상을 남기는 일본의 인기 아티스트 yama(야마)입니다! 파워풀하면서도 섬세한 보컬은 물론, 중성적인 음색으로 많은 팬들의 마음을 사로잡았어요. '하루를 알리는 (Haru wo Tsugeru)', 인기 애니메이션 '스파이 패밀리' OST 'Colors' 등 수많은 히트곡으로 한국에서도 두터운 팬층을 자랑합니다.",http://www.kopis.or.kr/upload/pfmPoster/PF_PF268127_250626_104131.jpg,PF268127,예스24,https://ticket.yes24.com/Perf/54282,예스24 원더로크홀,2025-09-05 19:28:13.497,2025-09-10 16:43:37.375
31,Tom Grennan (톰 그래넌),톰 그래넌 내한공연 GRENNAN'25,2025.10.02,2025.10.02,UPCOMING,,"Tom Grennan은 영국 출신의 매력적인 싱어송라이터입니다! 소울풀하면서도 에너지 넘치는 보컬이 돋보이며, 팝, 소울, 인디 록 등 다양한 장르를 넘나드는 폭넓은 음악적 스펙트럼을 자랑하고 있어요. 'Little Bit of Love', 'Remind Me', 'Lionheart (Fearless)' 같은 곡들로 전 세계 팬들에게 많은 사랑을 받고 있으며, 진정성 있는 가사와 활기찬 무대 매너로 깊은 공감을 얻고 있습니다. 그의 음악은 듣는 이에게 긍정적인 메시지와 강렬한 에너지를 선사한답니다.",http://www.kopis.or.kr/upload/pfmPoster/PF_PF264128_250430_114422.jpg,PF264128,예스24,https://ticket.yes24.com/Perf/53642,예스24 라이브홀,2025-09-05 19:28:13.497,2025-09-10 16:43:37.375
30,JORDANN (조던),JORDANN ASIA TOUR IN SEOUL,2025.10.01,2025.10.01,UPCOMING,,"JORDANN (조던)은 감각적인 사운드로 전 세계를 사로잡는 프랑스의 실력파 DJ이자 프로듀서입니다. 몽환적이면서도 에너지가 넘치는 그의 음악은 듣는 이들을 순식간에 매료시키죠. 'Disorder'나 'Night Train' 같은 곡들로 폭넓은 팬층을 확보하고 있으며, 특히 섬세한 멜로디 라인과 다채로운 비트가 어우러진 라이브 퍼포먼스로 유명합니다. 아시아 팬들에게도 많은 사랑을 받고 있는 그는 언제나 새로운 음악적 시도를 두려워하지 않는 아티스트입니다.",http://www.kopis.or.kr/upload/pfmPoster/PF_PF271815_250818_111439.gif,PF271815,NOL 티켓,https://tickets.interpark.com/goods/25011759,롤링홀,2025-09-05 19:28:13.497,2025-09-10 16:43:37.375
29,toe (토),toe New Album Release Tour: NOW WE SEE THE LIGHT [서울],2025.10.01,2025.10.01,UPCOMING,"7년 만의 내한 콘서트, 전석 매진","섬세하면서도 파워풀한 연주로 전 세계를 매료시킨 일본 대표 포스트 록 밴드 toe(토)입니다! '그림 (G.R.A.M.)', 'Long Tomorrow' 등 수많은 명곡으로 한국 팬들에게도 뜨거운 사랑을 받아왔어요. 재즈와 매스 록의 요소를 절묘하게 결합한 독창적인 사운드는 한번 들으면 잊을 수 없는 깊은 인상을 남기죠. toe의 공연은 단순한 콘서트를 넘어, 마치 한 편의 영화를 보는 듯한 몰입감 넘치는 경험을 선사합니다. 이번 내한은 새 앨범 'NOW WE SEE THE LIGHT' 발매 기념 투어로, 많은 음악 팬들이 오랫동안 기다려온 특별한 시간이었답니다.",http://www.kopis.or.kr/upload/pfmPoster/PF_PF264091_250430_102242.gif,PF264091,NOL 티켓,https://tickets.interpark.com/goods/25006215,무신사 개러지,2025-09-05 19:28:13.497,2025-09-10 16:43:37.375
28,Pink Sweat$ (핑크스웨츠),핑크스웨츠 내한공연: Pink Sweat $ Live in Seoul,2025.09.29,2025.09.29,UPCOMING,,"달콤한 목소리로 전 세계 팬들을 사로잡은 미국의 싱어송라이터, 핑크 스웨츠입니다! 'Honesty', 'At My Worst' 등 부드러운 R&B 감성이 돋보이는 곡들로 많은 사랑을 받고 있습니다. 특히 'At My Worst'는 국내에서도 큰 인기를 얻으며 여러 K-POP 아티스트들에게도 영향을 주었죠. 그의 음악은 사랑, 관계, 삶에 대한 진솔한 이야기를 담아내며 듣는 이에게 따뜻한 위로를 전해준답니다.",http://www.kopis.or.kr/upload/pfmPoster/PF_PF269839_250718_140304.jpg,PF269839,예스24,https://ticket.yes24.com/Perf/54560,예스24 라이브홀,2025-09-05 19:28:13.497,2025-09-10 16:43:37.375
26,ASCA (아스카),ASCA ASIA TOUR [서울],2025.09.27,2025.09.27,UPCOMING,데뷔 후 첫 단독 내한 콘서트,"ASCA는 '소드 아트 온라인', 'Fate/Apocrypha', '다윈즈 게임' 등 수많은 인기 애니메이션 OST를 부르며 한국 팬들에게도 친숙한 일본의 실력파 애니송 가수입니다! 폭발적인 가창력과 섬세한 감정 표현으로 애니메이션의 세계관을 완벽하게 그려내며 큰 사랑을 받고 있어요. 특히 'RESISTER', 'KOE', 'CHAIN' 같은 대표곡들은 국내 애니메이션 팬들 사이에서도 높은 인기를 자랑한답니다.",http://www.kopis.or.kr/upload/pfmPoster/PF_PF271512_250813_111739.jpg,PF271512,예스24,https://ticket.yes24.com/Perf/54848,웨스트브릿지 라이브홀,2025-09-05 19:28:13.497,2025-09-10 16:43:37.375
8,JAKE MILLER (제이크 밀러),제이크 밀러 첫 단독 내한공연 JAKE MILLER BALANCE TOUR,2025.09.27,2025.09.27,UPCOMING,첫 단독 내한 콘서트,"독특한 힙합 기반의 R&B 팝 사운드로 전 세계 팬들을 매료시킨 싱어송라이터 제이크 밀러입니다! 'Dazed and Confused', 'Wait For You' 같은 히트곡들로 이미 많은 팬들의 플레이리스트를 장악했죠. 특히 2023년에는 'BALANCE TOUR'를 통해 한국에서 첫 단독 내한공연을 성공적으로 개최하며 국내 팬들에게도 깊은 인상을 남겼습니다!",http://www.kopis.or.kr/upload/pfmPoster/PF_PF268438_250703_114113.gif,PF268438,NOL 티켓,https://tickets.interpark.com/goods/25009244,무신사 개러지,2025-08-30 02:28:42.397,2025-09-10 16:43:37.375
24,John Carroll Kirby (존 캐럴 커비),PURA LANA #2 John Carroll Kirby [제주],2025.09.27,2025.09.27,UPCOMING,,"장르의 경계를 허무는 독보적인 키보디스트이자 프로듀서, 존 캐럴 커비입니다! 재즈, 일렉트로닉, 뉴에이지, 힙합, 앰비언트 등 다양한 사운드를 넘나들며 독자적인 음악 세계를 구축하고 있어요. 그의 라이브는 마치 파도가 밀려오듯 깊고 황홀한 사운드의 여정으로 팬들을 사로잡는답니다. 이미 여러 차례 내한 공연으로 한국 팬들에게도 깊은 인상을 남겼던 아티스트죠!",http://www.kopis.or.kr/upload/pfmPoster/PF_PF272001_250819_100900.gif,PF272001,NOL 티켓,https://tickets.interpark.com/goods/25011873,하우스오브레퓨즈,2025-09-05 19:28:13.497,2025-09-10 16:43:37.375
25,MUSE (뮤즈),뮤즈 내한공연 (MUSE LIVE IN KOREA),2025.09.27,2025.09.27,UPCOMING,,"영국의 전설적인 록 밴드, MUSE(뮤즈)는 독보적인 음악 스타일과 압도적인 라이브 퍼포먼스로 전 세계 팬들을 사로잡았습니다. 프론트맨 매트 벨라미의 카리스마 넘치는 보컬과 실험적인 사운드는 'Supermassive Black Hole', 'Uprising', 'Starlight' 등 수많은 히트곡을 탄생시켰죠. 한국에서도 '떼창'을 유발하는 곡들이 많아 큰 사랑을 받고 있으며, 수많은 록 페스티벌 헤드라이너로 활약하며 국내 팬들에게도 깊은 인상을 남겼습니다.",http://www.kopis.or.kr/upload/pfmPoster/PF_PF269043_250709_131440.jpg,PF269043,티켓링크,https://www.ticketlink.co.kr/product/57316,인천문학경기장,2025-09-05 19:28:13.497,2025-09-10 16:43:37.375
27,SCANDAL (스캔들),"SCANDAL TOUR: LOVE, SPARK, JOY! [서울]",2025.09.27,2025.09.27,UPCOMING,,"일본을 대표하는 실력파 4인조 걸즈 록 밴드 스캔들입니다! 2006년 데뷔 이후 톡톡 튀는 멜로디와 파워풀한 라이브 퍼포먼스로 전 세계 팬들을 사로잡았어요. 'Shoujo S', 'Harukaze' 등 수많은 히트곡을 보유하고 있으며, 한국에서도 꾸준히 사랑받으며 여러 차례 내한 공연을 성료했습니다. 매번 에너지 넘치는 무대로 팬들에게 잊지 못할 추억을 선사하는 밴드입니다.",http://www.kopis.or.kr/upload/pfmPoster/PF_PF264089_250430_101459.jpg,PF264089,예스24,https://ticket.yes24.com/Perf/53654,예스24 원더로크홀,2025-09-05 19:28:13.497,2025-09-10 16:43:37.375
23,My Dying Bride (마이 다잉 브라이드),My Dying Bride 내한공연,2025.09.21,2025.09.21,UPCOMING,,"영국 둠 메탈의 전설, 마이 다잉 브라이드입니다! 깊고 어두운 감성과 웅장하면서도 서정적인 멜로디로 수많은 팬들의 마음을 사로잡고 있어요. 고딕 메탈의 선구자 중 하나로 꼽히는 이들은 비극적이고 아름다운 음악 세계를 독보적으로 구축해 왔습니다. 'Turn Loose the Swans', 'The Angel and the Dark River'와 같은 명반들로 특히 유명하며, 이들의 독창적인 사운드는 전 세계 수많은 밴드들에게 큰 영향을 주었답니다. 한국에서도 두터운 팬층을 보유하고 있어, 그들의 압도적인 라이브를 직접 경험하고 싶은 팬들의 염원이 뜨겁습니다!",http://www.kopis.or.kr/upload/pfmPoster/PF_PF266945_250611_111502.png,PF266945,네이버 예약,https://booking.naver.com/booking/12/bizes/1427536,웨스트브릿지 라이브홀,2025-09-05 19:28:13.497,2025-09-10 16:43:37.375
21,Daoko (다오코),Daoko THE YOU ZIZAI ASIA TOUR [서울],2025.09.20,2025.09.20,UPCOMING,,"독특한 음색과 매력적인 비주얼로 사랑받는 일본 싱어송라이터 다오코입니다! 요네즈 켄시와의 협업곡 '打上花火 (Uchiage Hanabi)'로 국내에서도 큰 사랑을 받았으며, 애니메이션 'ME!ME!ME!' OST로도 유명합니다. 몽환적이면서도 중독성 강한 사운드로 많은 팬들을 사로잡고 있죠.",http://www.kopis.or.kr/upload/pfmPoster/PF_PF269891_250721_125418.gif,PF269891,NOL 티켓,https://tickets.interpark.com/goods/25010418,스페이스브릭,2025-09-05 19:28:13.497,2025-09-10 16:43:37.375
22,SEKAI NO OWARI (세카이 노 오와리),SEKAI NO OWARI ASIA TOUR: Phoenix in Seoul,2025.09.20,2025.09.21,UPCOMING,,"일본을 대표하는 환상적인 밴드, 세카이 노 오와리입니다! 독창적인 음악 세계와 동화 같은 비주얼로 전 세계 팬들을 매료시키고 있죠. 'RPG', 'Starlight Parade', 'Habit' 등 수많은 명곡으로 한국에서도 두터운 팬층을 자랑하는 아티스트예요. 그들의 공연은 마치 꿈속을 걷는 듯한 특별한 경험을 선사한답니다!",https://i.namu.wiki/i/_lf3fPZBzUq0NRxhwH8uop1tuKKKF6j4L6mdre7-j94ZC2_CMk7zyTxNMzONUqP2mFxQJlg8Mi43NP6QL2B3VA.webp,PF267682,티켓링크,https://www.ticketlink.co.kr/product/56824,고려대학교 화정체육관,2025-09-05 19:28:13.497,2025-09-10 16:43:37.375
20,Hitsujibungaku (히츠지분가쿠),"Hitsujibungaku (히츠지분가쿠) Asia Tour: Right now, right here. [서울]",2025.09.18,2025.09.18,UPCOMING,데뷔 후 첫 단독 내한 콘서트,"일본의 주목받는 3인조 밴드, 히츠지분가쿠가 드디어 한국 팬들을 찾아왔습니다! 독특한 얼터너티브 록 사운드와 서정적인 노랫말로 많은 사랑을 받고 있는 이들은 일본 음악 씬에서 독보적인 존재감을 자랑하고 있어요. 특히 감성적인 멜로디와 몰입감 넘치는 라이브 퍼포먼스로 국내 팬들 사이에서도 꾸준히 인기를 얻고 있습니다. 이번 'Asia Tour: Right now, right here.' 서울 공연을 통해 이들의 에너지를 직접 느껴보세요!",http://www.kopis.or.kr/upload/pfmPoster/PF_PF264088_250430_101459.jpg,PF264088,예스24,https://ticket.yes24.com/New/Perf/Detail/Detail.aspx?IdPerf=53611,예스24 라이브홀,2025-09-05 19:28:13.497,2025-09-10 16:43:37.375
19,Eric Martin (에릭 마틴),에릭 마틴 내한공연,2025.09.17,2025.09.17,UPCOMING,Mr. Big 보컬 에릭 마틴 단독 내한 콘서트,"전설적인 록밴드 Mr. Big의 보컬 에릭 마틴입니다! 'To Be With You', 'Wild World' 등 수많은 히트곡을 탄생시킨 주인공으로, 특유의 감미로우면서도 폭발적인 가창력으로 전 세계 팬들을 사로잡았죠. 한국에서도 두터운 팬층을 보유하고 있으며, 솔로 활동으로도 꾸준히 팬들을 만나며 명불허전의 라이브 실력을 선보이고 있습니다.",http://www.kopis.or.kr/upload/pfmPoster/PF_PF271230_250807_165112.gif,PF271230,NOL 티켓,https://tickets.interpark.com/goods/25011144,무신사 개러지,2025-09-05 19:28:13.497,2025-09-10 16:43:37.375
17,toconoma (토코노마),toconoma ISLAND World Tour [서울],2025.09.14,2025.09.14,UPCOMING,,"에너제틱한 재즈 펑크 사운드로 많은 사랑을 받는 일본의 인스트루멘탈 밴드 토코노마입니다! 'Relief', 'Sunny' 등 귀에 착 감기는 멜로디와 신나는 리듬으로 한국에서도 두터운 팬층을 보유하고 있어요. 독특하면서도 세련된 연주로 공연장을 뜨겁게 달구는 매력이 넘치는 밴드랍니다. 토코노마는 과거 'toconoma ISLAND World Tour [Seoul]'로 2023년 10월 27일 예스24 라이브홀에서 한국 팬들을 만난 바 있습니다.",http://www.kopis.or.kr/upload/pfmPoster/PF_PF269733_250717_133932.jpg,PF269733,예스24,https://ticket.yes24.com/Perf/54580,KT&G 상상마당 라이브홀,2025-09-05 19:28:13.497,2025-09-10 16:43:37.375
18,Tomoshibi (토모시비),MAQIA presents ONEMAN TOUR: Tomoshibi,2025.09.14,2025.09.14,UPCOMING,,"Tomoshibi (토모시비)는 감성적인 멜로디와 서정적인 가사로 많은 사랑을 받고 있는 일본의 실력파 아티스트입니다. 주로 어쿠스틱 사운드를 기반으로 섬세하면서도 깊이 있는 음악 세계를 선보이며, 듣는 이들에게 따뜻한 위로와 감동을 선사하고 있어요. 특히, 밤하늘의 별처럼 반짝이는 보컬과 가슴을 울리는 사운드는 팬들에게 깊은 인상을 남기곤 합니다. 일본에서는 활발한 활동을 이어가고 있으며, 한국 팬들에게도 점차 이름을 알리고 있는 중입니다.",http://www.kopis.or.kr/upload/pfmPoster/PF_PF271098_250806_113207.jpg,PF271098,멜론티켓,https://ticket.melon.com/performance/index.htm?prodId=211768,롤링홀,2025-09-05 19:28:13.497,2025-09-10 16:43:37.375
14,ARGY (아르지),ARGY 내한 콘서트 1st show in korea,2025.09.13,2025.09.13,UPCOMING,데뷔 후 첫 내한 콘서트,"ARGY는 세계적으로 사랑받는 그리스 출신의 DJ이자 프로듀서입니다! 멜로딕 테크노와 하우스 장르에서 독보적인 존재감을 자랑하며, 애프터라이프(Afterlife)와 같은 유명 레이블을 통해 수많은 히트곡을 발표했습니다. 그의 음악은 깊은 몰입감과 에너지를 선사하며, 전 세계 클러버들의 마음을 사로잡고 있어요. 특히 한국 팬들에게는 오랜 기다림 끝에 찾아온 그의 첫 내한 공연이 큰 화제를 모았답니다.",http://www.kopis.or.kr/upload/pfmPoster/PF_PF273107_250901_145356.jpg,PF273107,네이버 예약,https://booking.naver.com/booking/5/bizes/1487168,문화비축기지,2025-09-05 19:28:13.497,2025-09-10 16:43:37.375
10,Gen Hoshino (호시노 겐),Gen Hoshino presents MAD HOPE Asia Tour in SEOUL,2025.09.13,2025.09.13,UPCOMING,,"일본의 독보적인 싱어송라이터이자 배우, 작가로 다재다능한 매력을 뽐내는 호시노 겐입니다! 개성 넘치는 음악으로 폭넓은 팬층을 보유하고 있으며, 특히 드라마 '도망치는 건 부끄럽지만 도움이 된다'의 OST '恋 (코이)'는 '코이 댄스' 신드롬을 일으키며 전 아시아를 들썩이게 만들었어요. '도라에몽' 극장판 주제가 등 수많은 히트곡을 통해 대중성을 놓치지 않으면서도 자신만의 음악적 색깔을 확고히 하고 있죠. 한국에서도 그의 재치 있는 음악과 따뜻한 감성에 매료된 팬들이 많답니다.",http://www.kopis.or.kr/upload/pfmPoster/PF_PF267180_250613_135738.gif,PF267180,NOL 티켓,https://tickets.interpark.com/goods/25008238,올림픽공원,2025-09-05 19:27:45.072,2025-09-10 16:43:37.375
15,Jacky Cheung (장학우),Jacky Cheung 60+ Concert Tour [인천],2025.09.13,2025.09.13,UPCOMING,,"홍콩 4대 천왕 중 한 명이자 '가신(歌神)'으로 불리는 장학우입니다! 그의 감미로운 목소리와 폭발적인 가창력은 수십 년간 아시아 팬들을 매료시켰죠. 'Kiss Goodbye', 'Li Xiang Lan' 등 수많은 히트곡을 보유하고 있으며, 한국에서도 큰 사랑을 받고 있는 전설적인 아티스트입니다. 특히 'Jacky Cheung 60+ Concert Tour'는 그의 깊어진 음악 세계를 직접 만날 수 있는 특별한 기회로 팬들의 뜨거운 기대를 모으고 있습니다.",http://www.kopis.or.kr/upload/pfmPoster/PF_PF270194_250723_135750.gif,PF270194,NOL 티켓,https://tickets.interpark.com/goods/25010261,인스파이어,2025-09-05 19:28:13.497,2025-09-10 16:43:37.375
16,"Tyler, The Creator (타일러, 더 크리에이터)","타일러, 더 크리에이터 내한공연 [고양]",2025.09.13,2025.09.14,UPCOMING,,"독특한 음악 세계와 패션 감각으로 전 세계를 사로잡은 아티스트, 타일러, 더 크리에이터입니다! 'Flower Boy', 'IGOR', 'CALL ME IF YOU GET LOST' 등 발표하는 앨범마다 평단과 팬들의 극찬을 받으며 여러 차례 그래미 어워드를 수상했어요. 힙합을 넘어 재즈, 네오 소울 등 다양한 장르를 넘나드는 그의 음악은 한국에서도 두터운 팬층을 보유하고 있답니다. 그만의 독보적인 예술 세계와 에너지 넘치는 퍼포먼스는 늘 기대를 모으고 있어요!",http://www.kopis.or.kr/upload/pfmPoster/PF_PF260472_250306_151210.gif,PF260472,NOL 티켓,https://tickets.interpark.com/goods/25003051,킨텍스,2025-09-05 19:28:13.497,2025-09-10 16:43:37.375
13,Minami (미나미),Minami Earthtication [서울],2025.09.12,2025.09.12,UPCOMING,,"독특한 음색과 폭발적인 가창력으로 마음을 사로잡는 일본의 싱어송라이터 미나미입니다! 애니메이션 '도메스틱한 그녀' OST 'カワキヲアメク (메마름을 외치다)'로 국내에서도 큰 사랑을 받고 있어요. 강렬한 록 사운드부터 섬세한 발라드까지 폭넓은 음악 스펙트럼을 자랑하며, 깊은 감정선으로 듣는 이들에게 진한 여운을 선사하는 아티스트입니다.",http://www.kopis.or.kr/upload/pfmPoster/PF_PF267756_250620_141005.jpg,PF267756,NOL 티켓,https://tickets.interpark.com/goods/25008862,예스24 라이브홀,2025-09-05 19:28:13.497,2025-09-10 16:43:37.375
12,CHRISTOPHER (크리스토퍼),크리스토퍼 내한공연 CHRISTOPHER LIVE [서울],2025.09.06,2025.09.06,COMPLETED,,"매력적인 음색과 뛰어난 프로듀싱 능력으로 전 세계 팬들을 사로잡은 덴마크 싱어송라이터 크리스토퍼입니다! 'Bad', 'Heartbeat', 'Irony' 등 수많은 히트곡으로 빌보드 차트를 휩쓸었죠. 특히 젠틀하고 로맨틱한 분위기로 한국 팬들에게도 '내한 1순위' 아티스트로 큰 사랑을 받고 있답니다. 감미로운 보컬과 세련된 사운드로 라이브 공연에서도 엄청난 퍼포먼스를 보여주는 아티스트예요.",http://www.kopis.or.kr/upload/pfmPoster/PF_PF268047_250625_130308.jfif,PF268047,멜론티켓,https://ticket.melon.com/performance/index.htm?prodId=211558,올림픽공원,2025-09-05 19:28:13.497,2025-09-10 16:43:37.375
11,MADKID (매드키드),MADKID LIVE TOUR: MAZE MUSEUM [서울 (앵콜) ],2025.09.06,2025.09.06,COMPLETED,성원에 힘입은 앵콜 콘서트,"매력적인 일본 댄스-보컬 그룹, 매드키드(MADKID)입니다! 애니메이션 '방패 용사 성공담'의 오프닝 테마곡 'RISE'로 뜨거운 사랑을 받으며 한국 팬들에게도 깊은 인상을 남겼죠. 강렬한 퍼포먼스와 독특한 음악 스타일로 매번 완벽한 무대를 선사하고 있으며, 매드키드만의 에너지를 느낄 수 있는 라이브는 언제나 팬들을 열광시킨답니다.",http://www.kopis.or.kr/upload/pfmPoster/PF_PF269111_250709_160919.jpg,PF269111,예스24,https://ticket.yes24.com/Perf/54444,대원 팝콘D 스퀘어,2025-09-05 19:28:13.497,2025-09-10 16:43:37.375
41,Tinashe (티나셰),티나셰 내한공연,2025.08.26,2025.08.26,COMPLETED,,"매혹적인 보컬과 파워풀한 퍼포먼스의 완벽 조화, R&B 퀸 티나셰입니다! '2 On', 'All Hands on Deck' 등 수많은 히트곡으로 전 세계 팬들의 마음을 사로잡았어요. 독보적인 음악 스타일과 감각적인 안무로 무대를 압도하는 아티스트로, 한국 팬들에게도 꾸준히 사랑받고 있습니다. 그녀의 에너제틱한 라이브 무대는 언제나 뜨거운 반응을 얻는답니다.",http://www.kopis.or.kr/upload/pfmPoster/PF_PF265069_250516_141959.gif,PF265069,NOL 티켓,https://tickets.interpark.com/goods/25006758,블루스퀘어,2025-09-05 19:28:13.497,2025-09-10 16:43:37.375
42,TAKANE NO NADESHIKO (타카네노나데시코),TAKANE NO NADESHIKO LIVE SUMMER in SEOUL,2025.08.24,2025.08.24,COMPLETED,,"청량한 매력으로 무장한 일본의 10인조 걸그룹 타카네노나데시코입니다! 틱톡에서 폭발적인 인기를 얻은 '可愛くてごめん (귀여워서 미안해)'으로 전 세계 팬들에게 큰 사랑을 받고 있으며, 한국 팬들에게도 얼굴을 알리고 있어요. 통통 튀는 에너지와 사랑스러운 비주얼로 무대를 가득 채우는 그룹이랍니다!",http://www.kopis.or.kr/upload/pfmPoster/PF_PF268851_250707_125206.jpg,PF268851,예스24,https://ticket.yes24.com/Perf/54421,예스24 원더로크홀,2025-09-05 19:28:13.497,2025-09-10 16:43:37.375
43,Alexandros (알렉산드로스),"Alexandros, Provoke Tour Live [서울]",2025.08.23,2025.08.23,COMPLETED,,"일본을 대표하는 인기 록밴드, [Alexandros](알렉산드로스)입니다! 파워풀하면서도 세련된 록 사운드와 중독성 강한 멜로디로 많은 사랑을 받고 있어요. '閃光 (Senkou)', 'ワタリドリ (Wataridori)' 등 다수의 히트곡으로 한국 팬들에게도 익숙한데요. 특히 보컬 카와카미 요헤이의 매력적인 보이스와 카리스마 넘치는 무대 매너는 언제나 관객들을 열광하게 만듭니다. 폭발적인 라이브 퍼포먼스로 정평이 난 밴드이니, 그들의 에너지를 직접 느껴보세요!",http://www.kopis.or.kr/upload/pfmPoster/PF_PF269855_250721_104427.jpg,PF269855,멜론티켓,https://ticket.melon.com/performance/index.htm?prodId=211666,노들섬,2025-09-05 19:28:13.497,2025-09-10 16:43:37.375
44,JVKE (제이크),"제이크 첫 단독 내한공연, JVKE LIVE IN SEOUL",2025.08.21,2025.08.21,COMPLETED,첫 단독 내한 콘서트,"감성적인 보컬과 독특한 음악 스타일로 전 세계 팬들을 사로잡은 싱어송라이터 JVKE(제이크)입니다! 특히 틱톡을 통해 'Upside Down'으로 이름을 알리기 시작했고요, 감미로운 멜로디의 'Golden Hour'는 국내에서도 큰 사랑을 받으며 음원 차트를 강타했죠. 첫 단독 내한 공연으로 한국 팬들에게 잊지 못할 시간을 선사했답니다.",http://www.kopis.or.kr/upload/pfmPoster/PF_PF265967_250528_114120.jpg,PF265967,멜론티켓,https://ticket.melon.com/performance/index.htm?prodId=211439,올림픽공원,2025-09-05 19:28:13.497,2025-09-10 16:43:37.375
45,Elijah Woods (엘리야 우즈),Elijah Woods: Give Me The Sunlight [서울],2025.08.14,2025.08.14,COMPLETED,,"감성적인 보이스와 매력적인 음악으로 많은 팬들을 사로잡은 캐나다 출신 싱어송라이터 엘리야 우즈입니다! '24/7, 365', 'lights', 'Everything Everywhere' 등의 히트곡으로 잘 알려져 있으며, 특히 SNS를 통해 전 세계적으로 큰 인기를 얻고 있어요. 진솔한 가사와 중독성 있는 멜로디로 리스너들의 플레이리스트를 책임지고 있는 아티스트입니다.",http://www.kopis.or.kr/upload/pfmPoster/PF_PF259269_250218_173049.gif,PF259269,NOL 티켓,https://tickets.interpark.com/goods/25001900,무신사 개러지,2025-09-05 19:28:13.497,2025-09-10 16:43:37.375
46,Hot Milk (핫 밀크),"핫 밀크 첫 내한공연, Hot Milk Loud & Fast Tour Live [서울]",2025.08.13,2025.08.13,COMPLETED,데뷔 후 첫 내한 콘서트,"영국 맨체스터 출신의 대세 팝 펑크 밴드, 핫 밀크입니다! 2019년 데뷔 이후 강력한 에너지와 중독성 있는 멜로디로 전 세계 팬들을 사로잡았어요. 'Are You Feeling Alive?' EP와 정규 앨범 'A CALL TO THE VOID'를 통해 자신들만의 색깔을 확실히 보여주고 있는데요. 이번 첫 내한공연으로 한국 팬들에게도 잊지 못할 뜨거운 무대를 선사할 예정입니다!",http://www.kopis.or.kr/upload/pfmPoster/PF_PF267525_250618_153851.gif,PF267525,NOL 티켓,https://tickets.interpark.com/goods/25008658,롤링홀,2025-09-05 19:28:13.497,2025-09-10 16:43:37.375
47,MAISONdes (메종드),MAISONdes LIVE: ROOM TO ROOM,2025.08.09,2025.08.09,COMPLETED,,"MAISONdes (메종드)는 '집'이라는 독특한 콘셉트 아래, 매번 다른 보컬리스트들이 참여하여 다채로운 음악을 선보이는 일본의 인기 음악 프로젝트입니다. '요루시카'의 suis, 'yama', '미네' 등 실력파 아티스트들이 보컬로 참여해 화제가 되었죠. 특히 애니메이션 <시끌별 녀석들> OST인 '아이우에(アイウエ)'와 '라무네(ラムネ)'가 큰 인기를 얻으며 한국에서도 많은 팬들에게 사랑받고 있어요. 독특한 세계관과 중독성 있는 멜로디로 국내 리스너들의 플레이리스트를 사로잡은 아티스트입니다.",http://www.kopis.or.kr/upload/pfmPoster/PF_PF268282_250627_141115.jpg,PF268282,예스24,https://m.ticket.yes24.com/Perf/54281,예스24 라이브홀,2025-09-05 19:28:13.497,2025-09-10 16:43:37.375
48,DEPAPEKO (데파페코),DEPAPEKO (데파페코) 내한공연,2025.08.08,2025.08.08,COMPLETED,,"DEPAPEKO는 일본의 인기 어쿠스틱 기타 듀오 데파페페(DEPAPEPE)의 멤버인 도쿠오카 케이야 님을 지칭하는 애칭으로도 알려져 있어요! 데파페페는 'Start', 'One' 등 맑고 청량한 멜로디의 곡들로 한국에서도 많은 사랑을 받아왔습니다. 특히 감성적인 어쿠스틱 기타 연주는 듣는 이들에게 편안함과 즐거움을 선사하며 두터운 팬층을 보유하고 있답니다.",http://www.kopis.or.kr/upload/pfmPoster/PF_PF266782_250609_153237.gif,PF266782,NOL 티켓,https://tickets.interpark.com/goods/25007840,스카이아트홀,2025-09-05 19:28:13.497,2025-09-10 16:43:37.375
49,Mei Semones (메이 시몬스),Mei Semones Live [서울],2025.08.04,2025.08.04,COMPLETED,,몽환적이면서도 청량한 사운드가 매력적인 싱어송라이터 메이 시몬스입니다! 섬세한 감성과 진솔한 노랫말로 리스너들의 깊은 공감을 얻고 있어요. 특히 'Hold Me'와 같은 대표곡들로 국내 인디 음악 팬들에게도 꾸준히 사랑받고 있는 아티스트입니다.,http://www.kopis.or.kr/upload/pfmPoster/PF_PF264169_250502_102644.jpg,PF264169,예스24,https://www.google.com/search?client=safari&rls=en&q=Mei+Semones+Live+%5B%EC%84%9C%EC%9A%B8%5D&ie=UTF-8&oe=UTF-8,웨스트브릿지 라이브홀,2025-09-05 19:28:13.497,2025-09-10 16:43:37.375
